Open	87.4172618963904	89.1908780940075	93.5207868249492	87.9712743267034	80.8866483019423	112.562081937969	141.486648752654	150.35676036647	162.190278422105	37.7091280355685	59.6478000041074	97.7028024564802	25.8813507771697	69.4894513338312	45.6221266911134
0	46.1823797472586	86.2465904145201	76.1741061881588	71.3730083680631	60.2660693859123	63.6528746864586	47.0458585799101	50.9579746267412	53.9221927567824	26.9396917208958	40.4677951448013	61.8484349338089	19.5093071314411	42.705549323582	24.7070587233689
1	70.7764033483613	52.2533233194136	53.104522542988	48.97345899472	45.2652725564171	60.5856970834943	72.7113864530859	85.8234084432097	95.8334126520078	12.6248660401498	29.0332391011566	43.9470316500686	17.7032561999198	34.2745007660214	17.7293622637702
2	77.3263263839354	54.5457889920469	93.8886069691232	49.7362188747486	45.093238760139	87.7735613752797	124.67177791813	106.076984010152	112.916256611925	96.4277273988535	31.4552536230436	45.3397330059408	107.781512075391	102.878211450538	18.3424514986411
3	72.7184818354316	83.8003954732912	84.0782569058731	69.6304184828728	56.2814177156191	57.1119484494269	83.136989895834	86.2468417792211	91.9672989885535	32.325952781782	52.8984312022578	69.1420477130957	31.2590448096227	49.9645255097054	22.1396446272292
4	72.6816199074869	86.2652297846612	90.4787939115924	83.3520220225544	81.3144024535777	68.7295742000487	98.102477839553	114.505042116494	136.057446285053	35.2467693597583	63.7277265339036	106.70813988375	35.2188297113916	87.1011753237004	53.8540494927726
5	72.8325746055981	70.0635913734924	66.7110305318282	43.6683956151965	41.0702508570914	90.7245926812708	101.246655946616	100.504847391835	107.781264182879	17.2622204078734	57.9672294517825	68.8151662476674	47.4156755603629	56.6927659793037	17.5410589501461
6	77.7187913935034	50.6305150969581	54.9262886173215	41.4142091534693	40.1162758722242	98.9001948019234	109.680359752767	108.498785164245	114.403689301318	15.8026284626957	29.7386700023152	42.2950572899588	31.4022154312494	39.5437583319909	15.731022851312
7	63.216240610408	47.0393120580489	47.1320239888985	43.6176942289032	41.5810054408524	25.9726322425683	37.0519011235712	52.2631706628377	68.1196417070113	11.7816157824468	26.8410948453151	43.1582530816772	16.0466747000742	33.4196676816227	17.715908307397
8	53.1917397253559	45.1377850338549	44.3915041977505	42.4651234465414	42.004041768806	52.6879309719266	62.702607952452	72.940281552651	81.9101805015323	11.8978714755371	26.3353966963192	41.7179710045455	14.9293762207568	31.448885993887	17.5010488299873
9	68.4470362268733	44.8718443438645	44.7910320141209	41.3815195351741	40.8922465106773	53.0494460744775	64.0375493023499	77.4040106263422	89.2366953919793	11.1328454246882	26.3157402574961	40.5788427514882	16.0400184516727	31.1710851030246	16.4013547772738
0	63.5697597498213	47.4610505129585	47.4650623522776	41.8228768959047	39.5210251752153	41.5209068531457	51.42724470873	64.9530866233469	77.2912583689126	10.186292597329	25.3386780438838	40.027622842702	16.4848698529166	32.5629687544241	17.2079026511077
1	43.1575542690306	47.5123934229292	47.3647780372116	43.1827311308198	41.9146441811709	27.2309122200065	20.8758867207503	13.0204335083378	14.656804844672	9.79585778174122	24.9614773740686	39.2229997733536	16.0722783611063	31.5875577431684	16.8506474856233
2	50.9178724194531	69.7749312881337	56.7883920921644	48.140962380423	45.008441921244	75.2409819425092	72.8365421047333	78.5563083508244	84.118021579498	16.8446395762488	36.7960094387753	51.3311703283813	20.1400662529159	34.974430441265	15.6308131406814
3	53.2958133886744	61.9066502064391	79.5791582837265	74.4067632808235	66.4225261069195	14.3401795710514	38.7812090380122	49.6016598031366	61.61990485955	38.9296543454986	50.3645908368379	63.4600403363408	23.7641916448277	48.0697801689377	25.4135598185713
4	53.5447224000648	57.5998096875328	60.0899773880803	52.8906201193557	45.4348810696143	12.121173023268	13.7888848976268	18.9247738356367	33.8138800898389	10.3973486668477	24.6571800303684	41.4980412772699	17.2938457796408	35.7958897396056	18.8915755827829
5	64.8799305869696	64.0851159449681	79.8000974431109	72.9620789375748	60.9433228017639	93.0625533533762	109.057509281204	115.376343746051	112.957151629501	44.0931149161635	50.8501716115187	59.2575132367196	23.6114661357761	44.1901804473573	22.4830488999357
6	62.8445983199479	47.9136989495113	46.7539550239859	42.1625236725329	39.6796023495813	35.7863720538755	47.1165388643192	61.3710951580962	73.7427424492532	11.6325101165871	26.8300539852252	41.1098671648608	16.153782831077	32.0342340343889	17.1188430916228
7	75.9175913284293	47.6371142002252	49.6600851995121	49.5032324674541	44.2683687878828	43.871903705799	56.0279729154679	70.5266243526826	84.5171374060291	13.0530932319546	26.9041608014095	41.0012879474402	14.7806219727047	31.1315909892765	17.8925880718134
8	64.5384102448178	48.4642056202981	51.242092994264	43.9122182417707	43.3737722391182	85.0013277834033	95.7473516476779	97.980806242409	104.359655244843	13.7063704351705	27.5556990050457	41.5815985453791	17.1301231371752	32.3423850661571	17.108972614976
9	64.6867910171775	46.1492458584103	45.5531156503043	43.6896438868526	42.1116235969358	23.0305741804237	33.3122529752942	45.6962942451573	61.0320472500309	11.7671056105569	24.543749898905	40.20697422351	14.9450192214664	32.0821234543476	17.6171856393126
Close	45.9366620170967	45.50213986087	44.4850003311295	41.6671933959987	40.6046287949711	20.656309602337	20.1673454619119	25.9231878703237	34.7087137211695	12.6326403267765	27.3308097862412	42.4812082726669	15.3925187021293	31.8150909938193	17.249874653933
Open	85.4964304588209	93.4259108827653	96.6464016897681	90.3243910552404	82.8537331527071	107.996178837598	138.841261857346	147.332095666016	158.688866527618	41.3797775303638	63.5526184318349	100.540628627866	26.5877544362062	69.4688847081915	43.8275684189757
0	85.8869328788146	93.4789966486638	96.6278835563007	90.1450175666409	82.7809381805377	107.812109252806	138.613785569834	147.131726341058	158.834049967317	41.1694491892581	63.3248837355498	100.908141942882	26.5343536326024	70.1429578744723	44.4578135647717
1	71.4510802908262	51.9243667048525	52.8258927323524	47.6937585858988	43.6904640356451	47.7874943772123	59.2735697982507	72.7795806206665	85.3986573205814	11.6494428420418	26.7805985416682	41.5348885195326	16.6120309342356	32.686434486802	17.4902663678973
2	66.2402105139839	86.3068246497344	91.8522562523099	49.331359309267	44.0245381656639	71.5875666282414	85.3593508904379	69.0029879782238	79.9593752892986	14.8515302349623	84.5207847186714	86.3180100742597	90.8097267326579	90.1372658059917	17.6686965529436
3	63.9471512054517	82.7380354752812	85.4309483699842	64.7202197003262	54.2416987231134	51.1929003487788	74.6364501753667	70.2002540976142	78.2929608428503	29.4962659843581	47.7185178640075	63.9144264525005	34.0337032273245	49.6556521690542	19.9581351222227
4	63.9406146079814	84.9657581354418	86.4619720087508	78.8990419710049	63.5275149682511	55.9458920048648	79.3370361197064	87.5829752668862	88.0901266186231	32.624209913063	52.6141394503417	67.9427798574171	23.6812594817843	45.4671473623257	24.1525936567203
5	65.1079491033929	88.6766162769532	57.8967183560015	76.7440790935692	42.5098343464486	81.2435109654919	30.1091909871813	80.1058736681025	64.0290694054857	80.4984112309787	46.822569294839	93.0532456215929	62.1488278627438	38.8995707962615	61.8157111804313
6	40.8648579235521	54.2458989138202	51.8367180029793	45.9603271019691	42.6457719812597	23.4052375848249	17.8652620928689	17.6248867095394	25.2218440174326	13.5644363457388	30.7437785770129	45.4705684083452	18.1155911163947	34.2265365326087	17.0802048900357
7	44.2685354378254	54.223482301029	50.8887492066763	46.1294086088257	59.9945145657501	14.0416014941317	22.9992305838695	32.0309043089639	51.3693865636918	15.8868427665789	30.839948081182	60.0502284889075	16.9412524655056	58.7170058749593	50.6252066715781
8	61.8488560053458	49.3397964905613	50.5996824831935	63.3241316586339	53.4945577487093	19.5214924455073	28.629055779924	44.6234491169161	57.6502858013731	10.1996737991957	30.8215856167394	40.4431250493826	23.737726316562	33.0683675129269	20.4958704633397
9	60.5869935770046	67.2843148481606	66.2304715068231	76.1017638645938	68.8796219899616	36.3108471200329	42.2895707035446	64.2417986240298	78.8319180105368	18.7254718232172	39.2282095061704	65.7106007607479	22.8858163839549	48.5975026155882	34.7466243726553
0	55.7728111816143	69.118329549422	68.9220251734126	62.0700274322487	67.5724933329302	39.0120997239638	42.5689855377823	49.1987703678263	65.6571868540749	17.2686364896572	39.0493628556677	65.7225625997526	23.4325391226354	50.23702903021	27.113439614066
1	69.5429055646944	44.7629786757986	44.2847119019645	40.4986055662414	39.3137939736169	46.1031019386982	57.6514637033614	71.7239967983519	84.3319921620496	11.6637912725666	26.4650472869406	40.4564811184809	15.6786903359305	30.7938146548946	16.2406742153767
2	45.3926924613423	68.3068933298097	70.6146044962372	63.346093352708	80.0379930970286	33.8443249157078	36.9094100772418	39.8446269627412	82.1688555125967	9.38706847796478	35.1420972863032	80.7165611089199	27.8944606230341	73.6522871777924	49.2606419894219
3	42.1603476253458	88.1726716899862	94.6601287828202	88.4573566116465	53.1243123964913	81.4114976119719	89.2369759581425	84.3860433624542	26.3867170373656	32.2806817816787	42.2170232141265	90.5565544083591	13.8536274791875	88.9984272590482	80.9555731927086
4	41.6096225762743	87.1204651197983	92.5041818587348	85.5617909376031	75.6930361365562	75.466826183761	80.8625550560213	77.4225166457672	75.6117108440882	29.790127915638	38.8633911369569	71.9552327709389	13.5956173530154	50.7015422291085	37.3783173432419
5	80.6582479540065	46.4496475459448	46.5818133880344	43.1324620902865	38.9992767723967	96.4072144619504	104.209929739673	110.728388311038	114.77362645338	11.0728375942829	26.713066440087	38.5981589271108	16.5384142373223	29.8358036236007	15.4198027529537
6	73.1196430837159	46.2139719164021	44.3802077672018	40.8888325897475	37.803754623053	89.7858931820584	96.3277252355209	103.051069701689	107.112799713993	12.0760528671417	28.0161818762372	38.8613650425458	16.5259563480121	29.1907706979449	15.2415124346766
7	71.2731324001548	47.681576022381	47.2641605505958	43.535349927846	39.2430025712865	86.7841547932806	94.7105576770747	101.738705956435	105.272281932995	11.0351058293793	26.6472065508582	38.7565565412886	16.382607687499	29.726213236006	15.1247687337691
8	54.0359310433345	54.4355485079373	56.7691477826645	50.1450236874009	45.2049277378031	69.0723964735552	78.6121392288112	84.727307887422	89.2501656138519	11.6202915802488	27.1297758260182	42.8436783992691	18.4112630327199	35.1151116081097	17.9262584676781
9	70.9277793513938	43.8888904759507	42.6625173454404	39.2307819947551	39.9079148375357	48.8007502320405	60.5886080428491	74.6400842729963	87.5097750448485	12.1909237533503	27.105250573459	40.735539101011	15.6305900902685	30.468763327874	16.4050637121591
Close	60.1114235196606	45.5711609299127	44.6163771564882	40.2657480859353	39.047212073207	17.4295478191489	26.3861048055601	41.9466162373081	55.0145963821421	12.3141535661206	27.3823701658567	41.3608484227536	15.9831034611555	30.8931615928186	16.1521794458209
Open	76.0510663791113	78.0585062544916	78.5544297494419	73.373401908321	70.385669704351	91.5569670394476	120.893145041148	130.797279073381	143.504720357938	40.5354946610067	63.3064812958555	99.7803724059121	26.1763452212107	68.4972428295475	43.3310016502042
0	47.0167544325222	63.0152829005091	65.6828112755088	56.2942535393787	47.6249359579622	38.6333768780377	41.2520372314435	33.4096159413527	40.5660300862692	12.3229557923455	26.6034672141398	43.1192383789788	18.5511707952088	36.1207588550144	19.4586598664309
1	76.1506285943852	35.9270421808434	36.5249788351506	33.2234063372496	31.5821593759831	61.6362636814733	68.1306639173537	79.5666057896779	89.829124740977	7.93340773466335	21.0128253187928	31.1243521296123	14.0340026112224	25.1702481547917	12.4967209915241
2	71.4811802919012	49.2171817681427	69.2362002415991	34.3026378221807	31.5320391261983	62.7006406397734	86.5908601847493	76.0445769232785	85.4409173316217	32.2676516673959	34.9154959109634	42.1176149163376	59.9802074835633	61.9571793339182	12.6259295370519
3	45.1331581438747	74.1775995969241	78.3592941263511	72.658980252134	60.3524879723811	71.7699982967925	85.4856181280805	78.6515660673073	74.9824603121583	34.4282231768879	38.2879355899166	56.1712982316236	11.0088400160961	32.6351220133218	23.9672441958687
4	34.7607734050898	76.2061265309424	78.7645436995607	74.220630644114	70.6345172652153	77.2520850945138	80.0011067138449	74.9223082279904	70.0170238274236	33.9407048125109	55.2640299162122	93.4110756683596	24.4380039293311	68.6804774381337	45.3721228696652
5	68.1216300465572	61.0102627387917	60.9279663108822	43.0060810860383	38.2506476793858	60.0697204791932	76.1596622165566	72.9496986117345	83.2134943808545	19.2571246578611	41.3343465712632	53.8737206746564	33.1195181664966	43.6647430431292	15.6428355132438
6	59.2322479896053	42.5141101014722	42.0404411025871	38.4434945412107	37.6223130379048	27.6266435671147	37.6771618099081	52.1861990186103	64.5741595454405	10.4207864650611	24.6310523175605	37.4742325661834	15.0579920852682	29.2531867503354	15.6000471861466
7	55.5683428222545	64.5263464962599	66.5429287229049	36.5446799761949	37.6310435077543	15.9671676511835	25.2674165519548	42.1382811598682	54.5392061747519	11.0107372916168	43.957230342765	54.2873175334617	40.8413202369622	49.7350322911537	16.0924613679822
8	67.1009088827417	62.6154283480517	64.3763054989955	44.9835076553619	39.8746286916881	44.551454446965	54.2341512312122	63.8909017911784	74.6464819088616	10.7501158212365	33.7579455614526	45.0246601960526	28.4728633565365	39.975737691755	15.8858696368817
9	49.689873504062	53.3731451093089	54.3982348184836	41.4437676649322	39.0488135434917	22.0291750848755	12.9282928842133	12.710372728209	24.0521153070265	10.4537149877974	29.8855124178271	42.9431508335567	23.0627659618269	36.178391921871	15.9822459185967
0	52.0978411718758	56.061267376531	55.2637301007858	56.8562586442064	49.7541720678779	19.4820781337336	9.36453276263691	17.560064579121	30.6481206407505	11.6814842669243	27.6949064047886	42.6470245039311	17.5496295651048	33.5590591949849	18.8510281754842
1	73.5202260382815	48.988413511805	48.7294455625026	41.3775004612938	39.6129195738007	69.066564317299	77.859864329736	88.055200814096	98.4433299754554	10.6533171807142	28.2007201525338	40.9682703728922	19.0671373194785	32.7535914988341	15.8800509867333
2	50.4575921615013	72.9740986172361	79.7619739870974	42.4343244773615	40.0482233111645	50.4853603965001	66.2822941963749	58.2379661351459	67.6354381735056	18.2313695033067	63.9285945062935	68.4460169103871	71.1721868636366	71.9271595687978	16.4364389695244
3	39.574154410802	85.375891829544	91.1829067801636	81.2336912014344	48.9413168405755	72.8989081701503	80.8583807355181	69.7504588364837	22.9311136468249	13.0505737532876	35.796492066961	86.5263213059448	30.1065227804541	92.1782321211771	74.0402964384368
4	39.1973323972436	87.4608351397356	89.8190634373906	82.2992010753446	77.2204506972732	73.5157329852597	76.0989067007536	70.4817211845738	69.9237821863921	30.8921103528069	55.1890091998398	96.2367763733283	27.7879762769799	73.9726826661032	47.2026135455443
5	55.0093720129579	84.7283731454818	73.5162886185776	65.2411534086423	54.9930030113832	71.8154773456252	56.1737901752232	52.9661562442471	57.5104770226261	33.1431665537558	51.4131097901109	70.8861530902193	19.6616085318572	42.1454673171386	23.3273502395793
6	57.2071599160455	42.8768448145383	41.6051019906213	39.5451711672867	37.4741528376306	26.8112407734144	37.4484125416552	51.7076411274968	64.3207079740273	10.8950663926385	24.9916003089038	38.4183682918484	14.8367929587226	29.6087406302615	15.6502220103135
7	56.8868062006657	57.5840857724597	57.8210815500713	41.3765027041629	38.6251472062282	66.4405972465638	75.2279572875278	78.2685221644494	84.3524447574776	11.5362320300001	36.4078207338698	45.8755189039732	28.8794573459336	38.421765588463	15.032521620673
8	38.6300896597251	43.5325839572199	43.6900933686391	38.9648827933102	37.8227183382739	26.9673714078699	21.4137812945309	13.7268315590307	15.234353315123	9.69417805179996	24.3057602374417	38.4775016434279	15.8296123736496	31.2210347019441	16.3375032192805
9	43.0225219077174	46.3532073218197	47.8599929957172	43.3911775929451	39.6035185715865	16.6862785856591	18.0682752304979	25.1576683058074	33.4206673616794	10.1695756974861	23.9317771440422	37.9044116808268	15.2885736819234	30.577363885726	16.3107721169937
Close	58.443708011064	45.4911516498198	45.3241646016824	39.9481125270531	39.3329037984942	26.2868679330269	36.2063209980923	51.1515151250635	64.2425836006157	10.2304997889888	25.3582827189934	38.9653233107195	16.332374226759	31.1119808536904	16.2932806709545
Open	71.4251244328633	84.7574072544695	87.4794032570162	82.9648052369799	75.0635029305854	89.924117800788	118.330563590243	130.066042162664	138.236645328075	38.9214202407961	64.0524828918442	94.1030208325429	28.3639398015094	64.61552412918	37.91210286307
0	56.5331804246533	50.8974477117674	51.8565547814353	46.1633629883028	48.8608961090564	25.0682168359878	35.8519266636313	48.7635626929433	59.1615508412212	10.7960695540599	25.0942866579847	40.6228886670815	15.9690849813071	34.6677655538975	24.5734849795467
1	54.9782932551566	47.7995180687002	43.9307551686743	41.412768903564	39.2586063602632	12.1433839867641	26.4888550439614	39.1903050793178	51.6895631774936	14.3903490343355	27.4853347605591	40.9235440047181	15.0894564133371	30.4552593820854	16.0456292588387
2	51.647064577573	50.3019690792517	46.8405896701781	41.3264706792148	39.4163658604088	8.80832074631707	23.0696004007438	38.7854988680048	50.0127100076131	14.5434469208644	30.993308074002	43.2462973234426	17.3344836568615	31.5935321372524	16.3337155702431
3	42.1470698349007	50.3017617600219	47.7048472966553	44.5303616867874	38.8085163240493	17.7062495354042	21.0387008597109	28.7529939640188	39.0065366436191	12.517247945551	28.5004790747261	43.1108803155306	16.6114999752009	32.2157487316747	16.7501158362233
4	41.9321445243729	51.8822821222515	52.0677920040297	47.7919236428123	66.5610446568179	22.3099765219509	15.259593043394	11.6060666645724	48.5057158704003	11.3321331434113	27.9820813486506	69.9939486467937	17.6474800283922	60.8270154054101	45.844009283793
5	44.5998044576756	45.6481688075316	45.616018941715	40.2161477052999	38.988528860025	20.4813401692858	25.1290778089846	34.6691327085579	41.8848349147051	12.1524222894039	28.0728598638899	41.2694442733132	17.3515559382322	31.6015990345125	15.3343424557071
6	56.4260759859305	82.4057003730931	84.2317413152548	78.4456638651876	78.3476508998196	44.1224900087246	51.3763535772051	60.8375882783005	102.105302067278	21.1729928640237	47.2157781459757	101.621322212516	28.1198516256754	87.5275242403211	62.838232863202
7	63.8643883867997	78.5121285200452	44.6560885484723	39.0195166926258	38.8480603768386	77.5977226314413	70.93279793439	81.1438996191587	91.1371503914649	52.2564260187099	65.7136103149112	72.1845174128663	17.3756219760589	31.757437027287	16.3135202011215
8	63.2234227043143	45.6309219034988	45.0739373554164	40.7954229303055	39.6247688628628	44.1777266065687	55.4746321295816	68.6840799789507	80.5946522023174	11.5634192315943	26.6447029179367	40.7652593125713	16.009945681435	31.2252105334023	16.5384709803174
9	72.1273154796434	71.5248040303502	71.2299229689321	60.8712576574528	44.4173540976599	48.3723678994527	57.6119734463245	67.6744266007478	77.5564421921925	15.675225328524	38.5402522075297	61.7856356814341	25.2264086116118	51.9954020331885	29.0120113589682
0	72.808390832994	64.5357965640775	66.3201620857677	60.9958067720102	54.2876870276309	46.1723267108124	59.0013764848965	74.9328914341252	89.0869922373631	13.578504900117	32.6231947259676	51.7285680931727	20.7542718014123	41.7425812505947	21.7992577369598
1	77.7598460522679	52.8208508678306	54.1017044634122	49.0246841451818	43.5564708018592	61.7541992636776	71.3377083166455	84.5284848641595	94.5022715578753	10.3048297887156	25.8813882651784	38.6690036613712	17.0578953953961	31.8787053556285	17.1656783970225
2	58.8048143550858	83.2297494431528	54.9616978023787	48.5081570249788	42.9383419866021	55.7177210315901	54.8087605295732	67.1032737566812	75.2054673953171	57.9847010264777	72.3376047599725	77.5419650067265	18.7355507525133	33.1298153973487	16.9401473586979
3	41.0546684236141	81.4710689416857	82.1993509176618	42.3335037258304	38.7375762184329	59.1013591200744	57.3127751857297	21.4600020747902	26.8718101701393	30.6335497683504	79.093757082149	85.560644420785	78.3898373704143	79.9559554740608	15.8405135286076
4	40.7720410900656	78.2720255327534	73.3011562630468	60.053660636967	47.5593974795729	54.5702232068919	41.4510364852509	23.6942266649494	26.2552314659384	31.1077973434893	67.8647772935269	79.7271489151594	49.4552884226915	60.7620690143744	21.6560150461714
5	56.9083041944671	71.4871336613443	72.4354317800515	65.7813511356798	54.9992029676794	19.6903088353865	19.2155711175208	24.5533573303041	37.1977873789558	14.2429382632377	31.21594103496	48.0582307960135	18.7571978624767	38.3122911651405	21.0126039314408
6	57.2766737783856	53.8376759573962	53.3250292637482	47.8410986894072	44.0183293786077	27.1466542205481	37.6810286085717	50.5756561275284	61.3025668537623	10.8994530748107	25.7838140914024	39.5837244130716	16.0781930977955	31.7500783416356	17.2434161966241
7	55.3113984464324	43.9321285822802	43.5092270665763	66.0980125528748	41.1125602161919	13.559408530242	21.325331461642	39.6849876832537	50.1800174070317	10.9525688674804	43.0591783243712	41.1298589423791	40.3386741507812	32.1907409915165	41.4842045517327
8	49.6672765194328	47.6475375751455	47.2195896006138	42.6557487595154	40.8579491900895	20.2382600255185	12.5074818702807	16.7695455341193	26.4542705048706	11.4879986697118	27.1141311613446	41.0303540872412	16.6002695336943	31.7849907738599	17.0302852103139
9	61.1551761382469	63.1065783959295	65.3888492550137	60.2353230032852	53.2286094901041	18.8863737238677	30.1253546441681	44.9239214116054	60.3544168545269	11.4111517018266	27.9722519524707	46.2375393438232	18.3733073243115	38.5952424568741	21.1088646885639
Close	51.5196955853778	43.943021259126	44.8522641675635	41.4168474536933	37.4295127072208	11.6450571200832	12.0645148753234	22.7864201515398	33.9041343173661	9.65956508849649	22.75857277187	34.4616170874206	14.3539695605223	27.9677749734744	14.958399378025
Open	76.7556651780831	83.7026129871702	85.8710595989708	81.2793640827732	76.7288985796747	106.379168155283	124.572035534304	139.915563192841	149.513142710399	26.2449732499387	64.8965842033308	102.212077889113	41.7200476060371	83.2391853692719	45.1980820895091
0	59.1587951960653	55.3010590455554	55.159650492185	48.3665485051394	46.5425457619155	20.6041132798769	29.7164453811354	43.2864140216073	60.7058610123438	11.4417999659145	28.0585996860143	44.591318717885	18.0468208546547	35.3657971398921	19.271265057074
1	70.2283067334675	44.8270478043112	44.5281049411493	43.9231287273573	40.48268530866	73.2255606875086	81.5618787397642	93.0425619125462	100.526974197227	10.106984612633	24.0833691631798	38.3924818975018	15.4943885587654	30.6082532858378	16.3296403205949
2	50.2978310160587	82.4315089873405	85.7176908784295	82.0071288340837	73.2612997857668	74.6685188298924	94.9740663179691	102.660630889597	104.327392323685	34.5207362415693	65.143591594262	88.5650371917158	36.0413826507808	64.5154983489239	31.5010984165632
3	44.9267997962241	49.4590601209728	47.167354613758	43.6669827832986	54.6858314922613	22.7063423478992	18.2558640893823	20.5152264742288	21.3020085768925	12.6854869709444	28.7314818760693	42.0006396785811	16.5727417365655	33.1682653320912	24.2259502733928
4	48.4190346033458	81.3673667504363	97.3927291194184	92.3093333980914	79.5475469945491	53.6901660003021	77.3742246267089	80.1265323298095	72.0789474937724	45.7368243867499	80.3011849727014	90.6537742603693	47.8150940114144	70.0551579386586	28.2916001507515
5	71.5578775103063	85.4883713907921	89.6591385243579	85.1852021894061	79.7420467107887	89.25944134628	114.080294738443	132.122580904893	144.365358105986	32.5078369984839	66.7005376780427	103.128760772791	39.0523585728186	81.7349003570666	45.351669134571
6	53.964623394965	50.1240536995722	50.074464699865	45.8209491069849	41.1643030359084	7.65160814001867	11.9702636621181	24.0272355880259	38.9260149443544	12.5230154446533	25.705402878751	40.5254591508461	14.7426677004409	31.4101192047599	17.2287439832856
7	39.5368025389004	46.084520004444	46.5205356591044	40.0073943701861	36.6033032833445	23.1366820144981	20.7141927192444	23.3138072646147	27.6823804675916	11.5790216188588	26.7890332701201	39.4168331530134	17.0547393853322	30.7937711325278	14.855668634905
8	51.0601534162404	44.2588551348767	45.0285883808276	40.7889611954019	38.8598177442973	15.2549996879712	23.9819877057762	37.4897629543053	50.4278834520149	9.39731284357396	23.2489132401925	37.7409541746099	15.0809801037598	30.7544228385122	16.4101090855606
9	57.0653294913856	59.2727390483045	63.5176528709334	48.1508653669319	42.0835453603472	25.5524342644688	37.0976601240564	42.6135596224958	55.1069564294745	11.6072158763418	29.9731093131827	42.000161142548	29.0485236647235	39.3377864095071	16.3157546776114
0	53.10047125789	61.0781905043036	60.8346963186305	53.9364587040158	48.8285760207074	38.4686425589726	46.2443049761806	58.9805092015998	71.2671082375313	11.5434290615917	30.1642056956586	48.8358380234229	20.7065982539383	40.4164238255935	20.1152209806405
1	47.1288827719266	49.6116727393866	50.866636138239	47.7631045332064	46.7478518120352	20.9266748885245	30.0917750132823	44.1208025008612	60.9342246528993	9.51702586841078	31.1310103493285	48.4914123572412	25.9244564828272	42.2061188869576	21.0920266074647
2	64.571509335697	41.9766748650962	43.8547579669527	46.7644476903128	41.813870141019	60.8935135568642	71.221733433061	85.1026346998141	92.6955284084405	10.5433780113396	29.3675789987871	40.8294356314167	22.4808887600113	33.8471963927591	17.1719175379455
3	45.4288841382881	76.6696195966825	82.2997376768237	73.9048430305058	62.7278891651273	75.3033007502991	89.7835082779683	77.596468606385	79.3320600044679	26.5248438878347	28.2686844889836	56.112080669518	16.3241766696302	40.7346473055371	31.7871807888054
4	41.760393224322	79.2811290231162	82.7788905917445	78.3480089565146	73.6558455793897	68.901435944761	81.0849439640307	93.3601441471472	97.5771442683834	25.1696516253205	62.2605784274777	96.1558001347651	40.4746276958553	78.9723000808442	43.7150374788402
5	50.6654455210847	55.182769808124	38.2541777736759	33.6468077292631	32.7588132339986	56.0202218504211	57.0614303463381	65.3784777413791	72.797638411215	27.8371538928893	39.9056327470496	47.3543045681847	14.2438732783608	26.0285533412827	13.2699959220039
6	49.5136510298009	45.0379728151435	44.8116466916485	39.5572006791747	35.1894199514925	8.30727171122384	16.3331563224898	30.3769188452088	44.2112269175873	10.0936213887284	24.2989080324631	37.5555141575788	15.3264327888547	29.6612673603149	15.1794403286155
7	46.7197918088138	37.9959025329048	37.2639454985647	35.0845311817046	34.4845532834471	13.0270637750377	16.3569656869145	27.2115646569414	36.9182176503092	10.0111164437339	22.582718875503	34.5074340245533	13.0398808016024	26.0284205877902	14.4476747838156
8	49.6691541131918	38.519729965824	38.1708253107003	35.303985037528	34.1321178437553	13.6435691664608	21.7687550783227	33.9350033170766	47.0883289418939	9.77774009574812	21.700090619396	35.0266527298856	12.7033655796407	27.0804414882771	14.8441639741011
9	54.7650955413208	51.399634526795	51.6732270643599	58.5230049784049	56.0683868579256	28.6057518479081	35.6625451836083	54.8180524497578	73.240039725549	10.3567343728803	28.5919034817219	52.9202327059519	19.3022804117052	43.5193454465586	30.3823966046196
Close	43.2931846420427	65.4407278860038	66.4001020624216	62.5841174191983	55.3107089020743	26.3435040247116	34.8259980860563	44.2854560917012	54.257804112404	14.743965271595	32.8940331216773	51.9414842183009	19.9808128783591	40.749946199351	22.0976740787351
Open	94.4587249891189	97.1273773735505	100.101003023047	93.1832969773017	82.5181120109398	120.040717526813	150.697443546631	160.607227601407	168.154453398892	41.4010784563168	65.9004027328521	99.4958652835187	28.2422313335898	68.22024472171	41.2060816449465
0	59.0210075904895	71.1722146212567	77.2950509081049	65.7570935866998	56.2292739537867	42.7423546742572	55.6815549954114	53.9507065378483	64.0473084939642	17.1781105260743	32.6139298866393	50.2174418380569	23.5361540660731	42.6102189824804	21.3998877880236
1	79.8024428109817	53.9527986426247	53.9872163439235	55.677511061469	50.288532292307	76.729341839922	87.091742143682	103.569133761947	112.793618996761	11.6667610093805	30.0156301109205	46.1176959684198	20.4937631124594	37.2965160898655	19.7125722736126
2	78.5864036405789	93.5564362143535	53.463457567389	48.8664869386986	44.2476246242665	104.469106506615	101.452114695653	108.599162145249	114.51662865021	99.5458475701242	106.228370990016	106.179753788754	16.0725749564281	32.3348941524478	17.6956608054065
3	45.1552711994956	89.8911380914137	96.5649672149274	90.8171061967953	48.6928215035851	92.5685750418877	102.601757338946	98.8092624715922	34.7438038475927	17.0342675000013	53.5248079833043	111.653578789278	42.4269450455722	117.383260018624	100.682764803615
4	56.5855926081896	89.7877323053773	96.3395281940388	90.5248242649495	82.6101933698191	76.1593486829037	90.3044087843445	107.753405460524	116.840168423813	16.6602766681139	54.314662616775	89.1398096224599	41.8223033144995	80.8357805616232	43.5305738323641
5	67.8126939427634	77.4054545078058	87.2531144091717	83.0053506379559	77.8262338620468	80.9589880940399	96.2795566640858	107.574289354413	119.736209883973	27.2495024706874	47.5952635589929	73.2509388556215	26.2653064549036	57.4970289581123	32.1450955391332
6	64.0423132852148	62.1106325117053	61.5633067455769	57.2514656905166	75.1724253543811	34.7015665334247	41.3222917212925	56.7972702848473	101.165711928922	13.6648194992872	32.9338028281111	74.852851971492	20.5129543687495	64.4740545026447	45.7773370047713
7	40.6325352436936	53.8238191622445	54.7964420717258	79.7437511573791	41.5657132579245	24.9117305721622	27.6854522348832	75.1767240456779	31.8365626512976	11.2419646952835	99.3149816763815	41.5315172981917	102.410965309043	34.536836679117	87.9638615378497
8	56.9301834464812	45.8809673144497	45.7126956482649	57.0102239560765	49.0024181608581	15.9038424243829	25.7017327272093	38.5978874786173	52.5582933431214	11.3923334963518	31.4106324502835	41.760680243564	23.928045931277	32.9049908857684	19.4685221805868
9	57.5760583487638	70.4888389119345	73.7856610880614	80.7513581221211	70.2658880405809	42.4462896101367	49.5796297643337	76.9070410175531	80.0506512534408	10.9502456941203	47.3667311812838	63.0423716470407	37.2861079383944	55.1333570347426	26.4872955337384
0	57.179745959621	68.8318392559613	66.6216659710886	62.9277643360067	54.0187321911427	31.9479446786503	39.4597375109123	51.9864253696328	61.610697295262	22.0870949685648	43.7716096970273	59.2748379234739	22.5694279718406	40.5830977551357	20.1254066627634
1	46.4592347343701	79.9296160611172	48.8856513454296	43.8518058645753	41.3064176417225	46.5234266732847	45.2170321583029	55.8458542272611	65.7336003799343	65.3891158158366	76.7373839506169	85.1338520242306	16.8063003011519	33.1934310286855	17.0948796033666
2	56.414535358683	78.1030812522784	49.8241640846086	45.4965796186922	85.3224513573069	62.0032397499429	59.3988873194481	70.7590315639897	129.477482497865	63.3825498105748	71.8012907448049	107.139584967275	16.8012789801848	106.244827872466	94.2741188060647
3	58.2139590686804	93.710885557282	96.6730106019772	91.5705245135682	54.748647146756	101.367357156532	116.300934086963	120.199171483917	55.5046269913599	33.8031284528518	73.7945404514453	108.910965248179	44.6094649566659	107.008118839881	89.9267495127562
4	52.3730284144425	93.1816511012098	96.561494356498	90.2766929013796	84.142308080121	69.2167328747869	89.5533049307506	104.936276983177	117.743794806903	33.3368678886844	69.9313788476218	108.203843182364	40.4058974602718	84.2365364419146	47.5100476909885
5	65.3892108100442	79.0401469195402	82.4776007818735	74.7472877317298	63.3477581258406	72.8198144815468	83.2018454477597	85.699978566359	90.6935807220908	18.9100182768182	32.840173005977	56.1005051708316	17.2176574179561	43.6937796818048	26.788457681621
6	62.7610231744193	53.0781506514357	52.0765264662775	49.097011083288	63.2397219541642	13.6381301873277	23.5634967204551	42.1637334630426	79.4462562610725	11.8972936583157	29.3592277278541	66.242952609621	18.8004376544643	59.2989603511976	43.1159268372199
7	48.8312947038065	63.7202024874812	70.7078522477108	45.4879579200913	41.0740186967382	55.7323943474493	66.6099590797059	66.3937111233436	71.5200582245988	14.9597557288513	36.4730530669644	47.0387329401803	41.0355673026961	48.2955117948045	15.9346069847988
8	69.3088586794646	68.9655006008801	72.498505809982	50.921288011915	45.8523590092429	39.9326092593509	51.8055724127241	60.7801229786054	75.5100053434808	12.1332038740804	33.3292604531574	50.2573427200693	29.2152620769419	45.565951264431	18.2247817425312
9	59.2161056055698	50.93650009482	51.0534760475807	47.7141408692947	45.0680934576203	11.1740601073916	14.5248604674503	27.9639948843669	42.6576338896897	11.5874175320517	26.6080873875613	41.9665916385022	16.1083663324373	33.3743054583088	18.5324277111905
Close	49.5630027396444	47.4208645553832	49.5637616095671	42.9329663212315	41.1571131924969	16.471583258752	11.8504771085387	21.6661755750755	33.1184562890543	10.2482276267655	25.6794651509723	41.3713188163008	18.0004542789897	34.3931378651323	17.9579046372343
Open	76.6340257596454	87.8744255258605	88.8292416696214	81.8285288151388	75.4772960333079	91.9235238794184	113.225670912784	125.729887059919	141.121181332972	29.2311766608873	54.757737085548	93.1924446300428	29.4543309591306	72.4562615283703	44.0963293453956
0	58.9402190397364	55.0906235075997	55.2769049023017	57.9199697420294	51.0741916091493	9.31619639820886	18.2241281231778	43.0401626661947	56.9862413703553	11.195581364985	33.9079635261763	48.0935972777916	26.8891533043066	40.7387811182711	19.5148924736699
1	40.5785718897105	54.5666712041343	58.0222689127855	48.4225403066369	43.6695424781815	17.7463448336298	22.5628041351602	30.5415044779702	38.5965985721087	12.529255995968	28.2383432062891	42.8166751401601	22.3376893926538	36.3983264266436	17.5006222074147
2	53.3151562046816	85.6614702751476	72.7879208770823	89.1358764444486	57.1951320881419	64.127794102757	43.3809470253889	110.573195108659	58.3029232005875	43.384614580291	91.992643743182	81.5862581933992	85.0984199951115	46.092374306564	69.5875492252745
3	42.3137632571436	89.2110919391754	93.0845127476016	86.8721240378638	47.3328533701487	84.7941743264099	89.570309885265	90.6299373184137	31.4875686648175	32.6001183986562	55.4376655425713	101.812099646849	27.2090199101768	96.6746187518648	89.3032653018354
4	53.3500589432664	89.1918542638895	91.1728163626637	87.5061741615985	80.714006823661	87.5904887702135	103.951625851884	114.30033896717	119.067514616288	37.9121530991436	86.3248915429084	113.227627202741	53.3961926674552	85.4289710969879	37.7604733456825
5	60.2786040314049	53.0100320166183	51.8505210631417	46.6487127427907	43.1706190350903	35.6982741689287	44.4169958142421	56.8077900429378	70.4970492444896	12.1544386806796	28.6510114582801	44.5506921061839	17.3566355235944	34.2315189740449	17.4356094798117
6	50.7680873585957	57.7406971735673	57.0171244253207	49.8452329232445	48.4203612750876	39.1900276658693	45.9323287812898	51.5285304790705	66.6392540249364	13.8640312490307	33.7212319573603	54.6093749326945	21.6856474012191	43.0712105670655	22.2058234040645
7	47.707338232708	75.2948091606586	36.6739961587894	34.4496795243671	33.4439139830329	54.9206716627719	37.0865881642529	48.109542458452	57.9595999946903	75.1483078180534	79.9276223128625	82.3250168028073	12.8532924891679	25.9977750098773	13.6563167041666
8	47.8666250400005	50.2027782875569	49.898239304269	51.3803392709702	55.4087428239443	18.9919788000513	28.2628734982503	46.2163421797961	65.9884276585675	11.1156956580549	29.1242035195059	50.5130983412778	19.8734543429697	41.9954212256777	22.6140583772573
9	51.4307218168334	54.2990157849109	54.2185442660535	45.9946428794278	41.0040786792436	30.5883074158493	36.279202189581	33.4247794619411	47.09458686905	12.5100765057613	37.1449961823406	45.2713613985221	30.6525528121248	36.7820298953116	16.3170410307047
0	44.436994727479	59.4427257026459	61.1593411356172	60.659039737012	51.9399458259334	37.7270709073737	45.4234217115444	63.7233382976002	67.2997422019646	12.3356879943034	37.4602176555396	49.6260631920456	26.9374750488906	41.0312777725925	17.949673701583
1	56.626585429563	74.4307464093301	37.6581439405874	33.6018384022363	32.6788385319919	83.7485356365925	74.9034260136718	79.9849796560679	85.6771903670259	78.4883599772603	84.3090295343269	84.5614101103453	13.8316480268983	26.0665769829872	13.439228894918
2	50.157094392946	73.9794726259927	79.3770727641685	60.8776528685198	70.1571004216964	58.6982706853354	73.508105363021	73.4129936504765	108.661458866798	26.9159064425871	48.6485562285254	89.1179239978131	61.4354170656804	83.6516463398187	57.6808092758761
3	36.7654479315838	75.6107300034195	77.1161230934855	74.2760951095977	46.2349686268954	70.1559434909117	65.563415683898	75.3937841383492	29.0335163853778	27.1773751342473	47.5206936775969	74.0185942557679	32.6061178315297	59.7624593225848	60.9768208912206
4	41.3555932953222	77.1482755376943	79.7807637181194	76.6999037580231	70.3144941066463	64.513313480615	81.6859561431468	93.1120375820124	98.4616207011935	34.3223672651873	68.0221937453505	90.3200399095218	37.1293084725315	64.2491138566751	30.4525271667821
5	56.7430273800834	69.4053726900879	73.7032880328279	46.0545531197785	44.2802753326185	70.8251988944535	84.5804731259107	60.1377165322678	74.1564305066216	18.9807011303587	45.8734374794663	58.4341714945331	44.554018995176	52.6365112454511	19.0036464882401
6	56.1676518285783	61.4064525147806	62.158848949662	53.4776263146561	45.8835978106556	50.4626199054548	61.4019234710322	63.8024924551886	71.3245760601379	18.1422740185154	31.9716930014662	47.8709521841795	17.1207541108708	34.9234021617153	18.3839918026527
7	53.5252665820134	49.669921139721	41.4032328362122	39.4831618901222	36.8911012757765	48.6202176281894	54.8070375967357	65.8879539889501	74.976947188986	20.7173813898499	29.6584155040774	42.0201824337127	14.4663999115191	28.9754111758574	15.137187644011
8	46.9970845162091	50.2541688927685	52.5917119669297	58.0916588413517	47.8707851675278	25.8374480594543	35.0505394801878	54.5126978867282	58.4654665942734	9.41007731989488	33.7848694882917	40.5913267591107	27.1104671048379	34.5934185254956	16.9565966930749
9	44.7420873054666	61.0364016419227	63.4472194126121	61.4951585643943	57.6267558096281	43.0873289386578	48.3217391753375	54.7200299459896	61.6369317984153	11.5856977744668	33.3703059492133	59.7118160006091	23.1104356588997	51.782782823018	30.6108393696171
Close	41.394849472229	42.831957616999	43.8065367487821	42.2873929679095	39.1341498297127	38.2821391227045	46.0362014279208	54.3776114351311	62.4702082615554	8.68510936315715	23.4399155947712	37.2772697526254	16.7973480603338	31.0867158596723	15.8927457099143
Open	74.9868292713461	84.5162990688778	85.7345169663944	80.8272678031368	76.394241764023	96.5843098583305	122.498626211639	136.07590323834	145.389786992244	41.4126988514002	72.5962345854108	108.338311587545	35.0449957046675	77.0911168785169	44.1386245202544
0	50.7202315981502	79.4883919386976	82.172946635313	73.0339438122439	67.4634336034714	63.58835389637	69.7990373142782	77.1739071563699	94.011195228228	10.0386976550746	36.277834145522	73.9019856432153	28.8035132006496	68.0837278056952	40.0046270241331
1	62.6848582955246	47.8737557753723	50.2540782234636	45.3427640207343	41.0676396062167	64.9458669943669	74.0195491720937	82.4597262055241	89.580321075	9.36950225625673	22.4924119907137	36.6773899404265	15.1184657994785	30.5657874077554	16.5189778100856
2	57.0587275155554	47.666287839856	46.5886264041515	39.9115670983401	38.2651753011064	33.5904121558757	44.4102795023675	58.1779294032617	68.9938847601003	11.4722379811439	27.9261604122389	40.3071523984962	17.7137604690054	31.3760577333801	15.7023877158507
3	46.2079708665074	90.0691059733963	95.1412211117768	90.1053586330586	72.6862901782723	77.1836704292747	92.2632861929381	101.923263343459	94.376132453285	23.5297268487949	58.2203832765553	70.0545579383305	38.9301213806495	55.5538792002863	24.5410979109758
4	56.3795579281179	76.2952346819249	96.294718497226	91.459654182377	47.9975808436727	57.0162759038154	95.8193210268681	116.559482147142	79.1015866430055	72.3300001065256	94.363108521339	66.9279276711815	47.3999183798875	105.768782983255	95.9726460811876
5	42.9254138744416	65.1014778951292	65.2963259134846	60.4042496565465	51.7374084636059	25.7120682326043	26.3926558729526	31.9794868557658	39.3771532863423	13.4965431133309	32.1064969181067	51.3656843297157	20.0341885206863	40.8551655065794	22.9223528715619
6	67.1392138298476	47.8101736442412	48.2135088257389	48.2676876754097	43.7963575209464	29.4990679600644	39.3108807744065	53.0589919164594	67.6539529983693	10.682577798364	24.2006445515486	38.7264854862685	15.100614032618	31.0352744105452	17.3797267631664
7	48.4142006234999	62.1297241333534	64.3519666216612	58.4876593356667	54.0401975058613	14.5078422405987	20.3287663268311	27.0527838129923	42.4591883230238	10.0458511119566	24.586383486548	44.0124309570842	16.466195594077	37.8307072626048	23.3719294907909
8	53.910504589679	43.0019624362493	43.6500639482514	39.1163087372175	35.5965532723547	12.8805814624185	19.2646466579691	34.8041719063908	45.7698849595124	9.30696800308242	23.7656256608489	34.9991084456761	15.69126669723	28.0813781841839	14.2833895081901
9	59.1442160560946	51.3557424510638	48.3629757825136	58.6740949915114	54.9137655866223	16.5107061814448	25.5410666404126	55.6254680182819	71.0472426703704	12.7760964961916	39.4733831244156	54.6826561834052	37.5127205858879	48.176900218803	23.7496710234142
0	54.7823601767733	42.7412987965621	41.4296924861159	39.0043815148414	37.7215122668498	15.3433496737075	25.7245827184127	39.9278431019478	52.5529344955962	11.4311532003654	25.4345089216777	38.4321723457171	14.5761359850313	28.996850489614	15.6569644058419
1	53.397494357508	49.3455134647964	49.6513750271319	85.4098946567668	69.9874426520215	8.02151669088209	16.7703262248055	100.067842555719	90.9697593354412	11.1934538095308	92.0621475883351	82.9946900306905	87.2154747804132	77.884285253117	17.6787700977755
2	40.3355056002475	77.2998589749037	52.2902587734666	46.3406560944113	43.3547371950286	42.4919731616643	14.7223925137085	21.0175328092643	32.3088262887651	43.1204022356714	57.481443944133	68.6862609456214	17.6238206722436	34.4181632984112	17.9282208512306
3	42.4812202749639	83.452512882537	90.1994884148463	83.2517628246928	65.743101444182	68.0235360276133	82.40613656379	87.1089221841305	78.6955229753892	18.835246203063	43.1888864320776	54.8652828401531	30.4600361822651	47.3133870801912	22.5412622881883
4	54.192352766419	87.4613552529916	88.8091034777967	79.5811470954019	53.9362123553703	65.320599772277	81.5216652634746	90.7561650230991	85.9910229845627	24.6982126316865	50.7616349820413	81.8649015359427	29.2234150032128	71.7210995416105	51.4743681561571
5	60.792593485965	64.3717874221308	66.3045681274677	51.8217204230041	49.6702020144875	57.2820562940769	62.6621242702304	59.7043084170129	76.4025987691898	9.47912259916497	39.5170737023885	53.3937227658833	34.5299695720978	47.7276695036537	20.9388332339698
6	65.9498257229691	51.9018685737806	53.0454831254274	65.8644624249678	56.1279765895761	37.1341391188755	45.6696206745797	67.9197252051273	79.1627321762583	9.11308269138385	37.4160547535413	46.0112549288758	35.3491755306966	41.9330397668712	22.010268927253
7	58.7696553478179	60.0837076290245	60.5491212865472	55.4984608561039	47.5254316451729	20.0970037037614	30.4546276616231	44.7060435282032	57.9755207092381	12.3046017911877	28.2541323076855	44.3275427406945	17.4144588782569	35.3446959447807	18.861519146731
8	58.6681447157015	60.4038595635453	63.0983213707187	58.3409697129942	47.7940568510866	13.8766540729385	23.3269956685382	36.4858729698222	48.6425223619869	9.83510600349582	23.9609639841556	38.9079242842946	16.2004088297178	33.5084536432286	18.7378880402889
9	40.4446776009106	72.914314355529	77.3301490204441	65.8582672694735	52.1426076351394	37.7432869306437	41.352712904506	28.6353371357301	25.7161883377475	23.8510555023546	37.249482718832	54.0711617691945	26.0066403400924	46.804274270733	22.6807591558731
Close	39.377254477076	41.3058552504823	41.1596730961131	37.2941396457191	36.576375082188	23.2487590419145	18.0277722282178	15.6447785235202	18.7788395181412	9.66597057064111	23.5486084537707	36.5012906090579	14.774378699035	28.824398676184	15.3448509253789
Open	82.5291487709918	84.5758423652079	85.536957881006	77.575373484196	74.3306610760223	96.8979533044945	119.778917248224	131.891999080498	150.583998947763	29.7382753046121	56.6217464065707	103.450436095456	30.1228422605653	81.9537700332993	52.9784267815684
0	60.025453875252	52.8455690885243	54.0846430833189	47.227111149847	40.1525049773187	32.1691802133657	40.5314239838671	51.6527041910683	63.135774166059	9.63353126947744	23.9106352590223	37.2886152980182	16.1725346056207	31.0836461136013	16.186267885884
1	49.8358375582964	48.101057754512	46.8774656744347	43.0792281693312	73.2733597964472	18.6818327425336	27.2283393649503	40.5572332264468	107.917315859657	10.9745247614145	25.0666792208382	94.4316604872905	15.0934671690271	89.0763005090231	76.7460153874408
2	33.9633897689394	76.8229465480419	50.3024878335545	45.8090983036874	41.2155697490026	67.6621035873878	22.9751055161886	15.7172490544624	20.2522989651447	50.1047952142547	61.2944930562477	71.2508634097581	17.9029497468993	33.1565854042542	16.0004767720715
3	45.6920314084469	79.5224307407721	81.5981713767833	71.3824647476712	59.7853945629608	60.1925776458543	73.3036876789988	70.0199849792781	71.6547847224747	25.3223134421008	50.756534760222	69.5556767024087	33.6561904940328	54.572925765896	24.6393360017194
4	43.7602951132885	79.4338597118137	82.1807699481339	75.8050918183343	69.0653032368359	83.5908642343767	93.401860260543	90.4751780733257	86.8911758908809	26.8890591914258	50.8384729991962	84.7034125882187	27.9484366641499	66.7447785730839	40.0361474982296
5	49.9733279362366	68.2431133788329	74.1500954707345	64.130333347425	52.8419325629319	61.025901320423	73.3809169311068	64.1273115643124	65.2467091254417	19.7851691622791	32.1898761563383	44.8493777340333	21.6630910206369	35.9739081914935	18.544587657384
6	45.7034008300093	64.8631534478551	67.4622855845664	60.9227802270678	50.9811199633315	41.5891210475588	44.6534179985642	40.8276933804801	41.3229880620037	17.4031526589179	36.1365858947909	50.1766395081576	22.0536771720727	39.084360529117	18.7299862535988
7	52.0505799550402	60.8595282491937	63.0676810581426	34.4363167775025	34.086616114883	56.1285034036529	65.3839340466916	65.1974908861482	73.5681585301078	10.4477381024028	44.5814104608199	52.3604950805949	42.8264919237205	49.0178617125166	13.6316208165463
8	58.5390941667071	58.7303025267417	61.1414951192739	35.6333230551025	33.5635125868941	35.643448603916	44.4411787682955	51.6075018341375	63.1432675784869	9.91030456946707	37.8505429337348	46.9298278737137	35.6922749197148	43.7165705618361	13.4071792297
9	48.6919318640162	57.5497052345405	61.5675799146994	53.1631125356906	46.6808951824245	12.7277098573349	20.7347645573057	37.4594865137324	47.8704329871007	9.97587275412031	32.3984374976634	46.7111048816553	26.9188828532018	42.361451903817	18.1146784438753
0	49.8740683664257	56.7504902360755	58.3716604720039	41.5015235011066	37.8972517318987	22.7969577533933	30.6681649729813	38.8745858177293	50.2516626894076	9.59451895198503	29.9988683308221	41.099185959335	25.1242521928514	36.2853399879345	15.1036551579411
1	42.2285671228613	40.4083765906278	42.8311277110468	37.6570450855756	66.0667625397408	15.5661524558897	23.0342650685886	35.030299547333	86.3578091291836	8.89448762155527	20.9717933265011	84.5794119300465	15.037686468745	81.1319808208976	75.0246836544732
2	35.9231869829293	59.2124017217154	60.3956388973062	50.5815707477862	48.1886943721544	40.8561818438887	36.6339988723986	17.7962777079815	23.5842982542962	13.6246199407543	31.8865725193552	47.081067438652	23.0731068427748	36.9986956305341	20.0015382057081
3	45.1929143113708	67.7662853830723	44.5481014739124	40.4960602664012	37.7401629271788	40.7031269378766	4.09323538816179	18.7991209291525	33.5705766145132	40.8442761430534	51.1632302955941	60.8710281438551	15.2444668706387	30.0469073796289	15.3698363182566
4	40.7833920822974	72.4097623386681	58.9351429392039	53.7966999949848	45.3412258125472	48.0667146913537	36.6492148844965	43.8329628793218	47.6390046345429	25.0626410190546	43.5909138362572	58.9489796560551	20.1274609518935	35.945605544489	17.4192710137365
5	38.9311142163951	37.2278948529191	36.7652373031496	35.8672999914699	33.3845262437555	16.1559290778958	24.4059532159451	35.4361350632952	44.2165736828398	8.97626109440339	21.7304844725584	33.4362550699088	13.1801072689717	26.0715388573997	14.0438614029796
6	49.4064739765236	47.9012455989069	48.9096875218894	40.9975228421291	32.4602384126857	19.1728306635431	28.2303982538178	40.1465018717696	50.185803262876	9.25964343494398	24.3800225090729	36.6921091862542	17.5457865631086	31.2932231143112	16.2740457393391
7	68.1177168023298	39.4041995330155	42.6106232573261	37.9282327094343	60.334734629002	47.4055324899162	55.4360093028347	67.1742833706605	107.606231557354	9.04704849625562	20.7160166910751	64.1664679324147	14.3334358089622	59.6041420101261	52.5234050029213
8	69.3802731102357	41.3164262213203	42.4830771594267	35.2296485519825	35.9513820403458	49.8467505357661	57.572052424409	68.4614412073577	81.0339697807876	8.16844078497237	21.4302794885834	33.0510399489713	15.5780356518401	27.1756000568985	15.6976731553342
9	37.2566549911677	45.470214473488	46.8168814631314	43.9552793751661	40.6633042506742	13.7201796833023	15.2416469641571	17.9235350134955	24.3627000976903	9.54075219760476	20.8312896880654	34.5143312339106	12.5526960498532	28.6975910872324	17.7738859242992
Close	46.5187482025054	44.0486483588101	45.4688463225767	40.8603363560568	37.4522352780658	2.93458653646471	7.25331857979505	20.7794281167697	34.2730630354583	8.65698874898194	21.1388993563998	34.0803434061704	13.9508491282789	28.1396611227374	15.1914624201391
Open	79.200725369153	85.5790896203623	87.4089074935158	79.4324196222802	70.4104101850003	99.8498132609671	122.403138565357	130.111736827428	139.399590485984	30.2066856427513	51.3415490037065	83.0102844889114	24.4422634610627	60.3953146150428	36.5759282016192
0	53.2190887551873	51.9776805694483	51.0820097527114	61.9929656653076	55.5347379724115	14.2357270906723	17.9073224595582	36.3747761871121	51.2951937885305	12.3937533204796	31.2403592661096	47.8140108825603	20.0604658208652	36.1406024285	23.7781348069271
1	70.547893217352	49.3518253149547	49.2001310251396	45.1393495497764	39.1461573601663	45.0300959868275	53.6940013488472	66.3812717827852	77.2250785282216	12.6522502577565	24.8671063168375	36.1213284323943	14.1884419035354	28.197827982311	15.1563831203226
2	61.1467608310113	51.3892782767962	51.500105542222	71.3251667972112	39.0252568209679	76.3048662505276	83.9199564907829	103.50778560503	92.4768149132495	10.6143536011384	68.1798172806293	39.3439606491581	69.5863611456297	31.6338968638469	67.4569736561944
3	45.2863399529935	84.205451656581	85.9387609966539	76.6884130966341	46.0967452340878	62.8843720034184	83.9518269529264	76.2622024831574	53.9469822902496	44.6460968808787	62.0911845652828	89.0259420451069	33.4215357307231	81.5653375387879	55.954123150742
4	40.4144048820467	81.687253483748	83.6587051520641	78.5001973952932	72.5181301513628	57.6306310444376	79.3167485294878	85.6395586999957	95.0893700183149	41.2207137694885	62.3382088896056	92.575481082434	25.7249368492908	62.3755579345788	37.6389685332901
5	36.5837713150257	44.7002824268046	44.7135323017328	52.3381603183385	49.2421310980557	23.8514991382093	20.0651702571895	16.3726008615003	22.4330327053656	10.0013405126513	30.2530968029721	45.2885851783868	26.9192563838602	40.0222870946926	20.6397876929488
6	45.8294501001267	46.4309774113145	46.6512713208333	55.1684903103211	49.3282195477761	20.2808635499083	12.6866037791838	39.9204119467723	43.1410460402805	10.183191540966	49.9165280011541	56.4846238815096	49.306842783634	53.8905102142075	17.3816759157913
7	78.2882391055642	82.1015286361953	84.8548663576226	37.8337845114377	36.4391081212603	108.59366740897	127.019058780799	100.787584236603	108.664160779413	25.9718666739609	85.2434406152407	89.7824829206817	86.0577246049256	86.6057893816695	15.5838870844907
8	41.7942792020642	41.3628460364323	41.1328773892661	42.8526667425681	40.1824882738737	22.5161082482053	31.1852273426201	40.3552281255713	51.3733658889905	9.49317840407522	24.4503409812624	38.2113302554308	17.8754499757517	31.4080190848197	16.2461979406137
9	41.4595562106687	51.7473553658697	51.7392067521295	69.2950760951137	46.2901750082196	11.0308743551905	12.2170624656666	45.5243719452559	34.4601890982914	11.6101142289815	47.4661818676202	42.2921835479087	40.7567970743531	32.3384080925453	37.463296043461
0	52.0863778230931	48.9921421596617	48.1412365096199	43.9266462486769	40.4957685095912	8.22764718631639	18.6588758345072	32.8570982136037	46.9880689745854	11.2042959851236	25.1046388654946	39.2455142184033	14.9296794109919	30.3592101214	15.9593631147236
1	62.7985956058931	43.3515857835397	42.593043465167	39.3834841049087	36.9897235961233	30.8669653987447	41.2166146553899	54.3700322687682	66.7176741086266	11.0162815094931	23.7012126088181	36.180553177645	13.5449024285892	27.5358476030792	14.8819641506086
2	52.4928987922833	71.3869161862312	76.6999814044958	39.4501850338892	37.0040952101534	53.7550445833217	64.5074732861155	61.2675520311445	69.5352055425523	11.8997245199206	63.8263643396214	66.9671272941292	69.3251247460839	70.303159986832	14.8760086424417
3	38.5225648207645	84.921589009156	86.5882547531708	75.6869536083868	45.8518546038489	77.9336312900278	83.4337744756283	58.5709871712617	24.2805922656862	44.9356682335981	67.1352990159283	91.0665166485053	43.9680186343904	84.3534130160274	51.1699161842835
4	37.2662280035155	84.7829368567166	87.066903297694	82.0625063471132	69.5564012165667	83.0493175121867	87.2499691626307	78.6191848333471	55.625053756828	45.1762348944664	66.3787245880787	92.7628244186754	27.4317892777704	68.6410531988693	44.836420698914
5	46.5628318255247	49.7873530828673	47.1784323397471	42.6833693030154	39.2481994864388	8.86599043818568	14.8242414942553	26.1159376424761	35.6167554701828	11.4709597405797	26.1322998789563	38.7635797426502	15.260429805012	29.535040934165	15.8832628151303
6	54.2013128858711	48.7632822468915	49.8880912857457	46.1592817745261	41.6734483154442	7.79775178382206	9.4581264821528	22.5544201152324	36.8093957078094	9.55974201351167	23.4593147578973	37.2653362868229	15.3646144736404	30.8765496906779	16.3629690037627
7	42.0666349391058	56.9039506190915	70.4540244328172	47.8617431149347	42.5455268426659	20.6656074800621	34.4549984913655	19.3886415692281	25.4045338304012	33.1110811088977	28.6179845338556	42.5818724729197	49.2476820439297	54.4538759261451	17.7363439005901
8	41.018736489442	51.3600808336591	52.9837365042227	48.0387117401882	42.1213130903928	18.2261923320401	19.3292892906292	22.0118706348869	25.4863873310604	9.80347226123991	23.461790791943	36.1732388138925	15.2329888022673	29.9320199127957	16.6355143800846
9	43.2346282095278	52.8254239626347	53.9721213996346	50.9672394313602	46.4267956132275	20.6330741387802	14.3639846582486	9.66277708668166	21.5996099411563	10.4884097168065	25.3584958700728	41.4359385130215	16.785629639251	34.1340866801223	18.1033436189119
Close	41.7663519720121	50.3121352193484	50.6404303197554	45.929069558614	40.8542340582956	15.7461745684468	10.8301679275993	10.9622739069045	22.6710719570117	9.72466329905566	23.9314781710199	38.243157436854	15.3202079258083	30.9978019785274	16.429938619788
Open	54.0930273909327	81.1646708237279	85.9606086752095	80.4991069639664	72.0327114374442	70.3499921050891	89.3623873727515	99.9363166501252	107.865809898142	25.1977335377133	50.2023319430482	77.6500687168402	28.4021570756448	60.2690199612006	33.359056675062
0	58.7303226352529	59.561139420388	59.7100058244923	55.4896241519701	48.2280367405154	24.2863536624994	32.87753690972	45.8406312371459	59.9170185910114	12.4185131948233	28.6075424823594	46.1595526047166	17.156351359482	36.3611996986568	20.1281921881624
1	67.5557402170955	46.1600438196716	47.3331704314522	43.1731714135723	38.5896023385795	41.048003818589	49.5724865549833	62.7075411405199	74.0250741250558	9.23411146413666	22.3641167350937	34.5844365358885	14.4483745649813	28.4059368034219	15.2923265087429
2	64.5173200965702	73.9274810928338	77.8437659745936	41.0224942663022	38.0581522236866	72.3935686806501	90.9747325613546	79.6469475794277	88.0906789270011	23.1773939477673	66.8734993590742	71.1457035280417	71.07792858293	70.7272409430058	15.408438050565
3	40.5144698212823	84.0177228089431	88.1114155999096	83.1095021958981	52.9257180423431	74.8148117861697	88.4433587940417	85.989244261347	35.5217164260118	32.4754566259568	66.7125457027267	79.4800574439274	42.9110308970782	81.4989733186229	63.1513479716435
4	43.7028788600488	84.9184252187127	87.7673375416419	81.6396897822873	72.5425080078991	90.3489993774142	99.9569488648108	95.9841795449646	87.0518929216936	30.9099658133489	59.0835427307808	87.7584416352638	32.6952276656151	67.3194084465424	36.7541345642909
5	55.1191679331111	80.539102509586	87.121271656798	81.9559200424448	42.7280267644913	85.2126619035745	103.107859186761	106.4288328828	52.7499291580687	28.5261379005291	42.3874650094813	87.9601698090969	17.4073219172278	90.7023720531738	86.169450291085
6	57.2271113998426	64.1951251453286	65.9466102934791	59.1088460026078	56.5438619028626	45.7000373553283	50.2909283582039	58.8309038483177	75.2120446344866	10.0333104008797	32.7206761578119	57.9286487734213	24.4931639115897	50.8042259365301	26.8322967613658
7	51.0256501918604	41.1309751458679	39.5270949580158	36.7655053136986	35.4973438463514	44.3032115977849	53.6089474683108	63.6100670419369	71.7249994115594	10.9835046961341	23.9267342144639	35.9834562959716	13.6140023879681	27.1209475454694	14.5472544888202
8	54.81563327959	40.592608274729	40.0747538593364	36.4435073328967	35.465462456232	22.4151286434876	31.6527410307054	44.5872154269293	58.7978263089283	9.67218483934214	22.1755222559042	36.7848068601481	13.4939596155502	29.2397165988318	16.1835500058578
9	48.6080856758842	47.2322404454637	48.3680714631884	42.8253841298137	37.9887190195471	8.09340463587481	15.8114803702879	28.2302195563548	41.4055372897152	9.18603121592781	22.3885527803831	35.5284658206627	14.7760368604034	29.112294598159	15.1134453719197
0	45.4804055659841	40.3111861748684	41.2814545916008	40.7153886345556	36.7209149758009	6.44569854089532	11.7990441680672	22.8795572904403	35.1879962056722	8.82065493963457	20.4649026760088	32.332697674195	12.3244523741683	25.6820036344986	14.5077327635714
1	33.25566469671	44.0250436734593	43.9822855808154	40.2835589901451	35.4735844494942	18.9990327872237	19.5889101904215	20.5196930757382	25.1500795171586	9.52216583212035	22.0012013379383	34.1807221255403	13.5091039455213	27.0047807228757	14.130620065903
2	70.8417750157349	70.6207313045886	74.3496055724467	37.9352278003757	34.5191793255938	84.5930409826772	96.0014869232264	73.6270349469432	84.2071724436969	12.7115200830782	72.126816828412	72.7057044099801	74.688128284305	73.3291720576804	14.1164292133988
3	47.395104855776	75.4017141923179	78.4602630098351	74.388850752112	60.8567882728788	81.7919403279443	94.6059655907729	98.6630260775028	89.926156862061	27.7729562481652	57.4941509685985	66.8861714566621	33.0424844278166	47.5560307485023	19.950597859964
4	47.9943216009196	75.3213904624709	78.3872281863061	73.8346312234306	68.3756067298485	72.0289069287637	84.6795615476576	92.5465052701748	96.3928874990702	26.9239781647145	54.5479606539053	84.5631804384798	30.4884630347452	64.9113552835398	36.6291385287301
5	48.8697769486459	72.6137322733104	75.3338516234236	44.5752378901515	42.0126328639375	71.3757307851233	81.6051786232614	36.4931957789668	51.2575528752046	22.857414520457	66.5064912138026	71.4642507525266	65.7729718858103	66.0196673019487	17.2527849138509
6	35.846085508959	46.5213267743945	47.5193861461835	46.9169235978405	42.205814603796	20.7386148833908	19.2345203862456	17.2061867406	17.7773762021734	9.20668103846875	20.9594383183233	33.9175731649539	12.6241144070584	27.7292475969345	16.7087875355335
7	52.4892961175867	57.4926545943262	58.4685282858941	55.5561770489691	64.3970578381577	22.7015863212508	31.4739657499416	46.1426148454604	84.3742581204826	11.8057110967912	29.2752499734656	69.1556524582121	18.6325740768687	61.3830307053849	44.9386493883519
8	44.8200396904108	44.9042605641157	47.5279954213304	42.1018762695916	36.3631808680374	10.1499241346918	4.08877550129618	13.5540216987431	27.0557989011524	9.32005541829017	21.7452002752332	34.9871904642199	14.8499409187377	29.6288286255734	15.9028334578968
9	42.7463724538118	50.0729182389892	49.9178397107006	45.1513075588792	40.2864807073601	26.1682947173197	17.1936240110804	3.74471165144926	15.1009612800676	10.496336707104	24.738271032552	38.1527015766328	15.2339630345128	30.0601099435797	15.8929109712349
Close	47.3328602862789	44.7220642864392	45.1885524068032	41.7570944013397	37.2436582308774	8.21507336790123	15.9126517566998	26.8900958185351	38.6057192955914	9.76819493509421	21.8753406622617	34.7595427767685	13.1302280444781	27.4491631023607	14.9719937189407
Open	66.8304086191308	83.7102534626816	85.7647693455186	77.0910189540909	70.0841185066917	77.6958979926379	96.8569572010705	105.852878057897	123.372958868222	24.8271106020898	47.0945556676608	86.371524329992	25.6782653746315	68.4310514536347	43.9516156071651
0	61.9894898971301	71.8714832584635	72.1465281312247	63.8213820500591	61.1311657579994	36.8197926575422	44.2893316124594	52.795301823632	73.3645821061144	15.2554867890212	34.6324719016705	53.4808178042221	21.3315555984555	42.6705076733615	26.8063370260168
1	75.3224426904233	46.8948358511094	45.9511690508696	41.3205322584898	40.2331805256917	83.5056354337454	91.6036305321732	98.7196002084308	108.134045963075	11.8790571044212	26.2112201277316	40.6728097061464	15.285184405237	31.1539470091047	17.3099553841135
2	74.8331583864566	80.5405910847425	53.7265838285071	49.3724490577245	41.5657699118349	97.4157135288358	90.4341891407785	98.9301196304548	103.70979862502	57.8288767737892	66.2921354068196	72.7627763162463	15.3095327002492	31.4070029740184	17.4459340262997
3	63.6671572546576	91.8459569301083	93.3272921534173	83.1530767370907	50.0237591291308	75.9814863064681	106.151623900768	100.61314960299	74.9091985320895	49.0754461576255	73.3568016571988	94.9812517880239	43.4504857253817	86.3986347418175	54.4913325698831
4	57.8370675426547	92.7839879266892	95.7173660068537	87.3023421393722	76.4046023959944	102.921652847249	117.675483648667	118.223527509314	114.019310149306	32.0138426567321	55.8473155100583	89.9717821980314	27.6354493245541	67.6615389913649	41.5182254226984
5	53.9615751932808	45.8182696789447	42.4809343614427	40.4976565344231	38.769042948435	25.9452509879477	37.7150943745671	52.4286137214727	62.0959307509993	12.536728587303	27.8150840207719	39.4810122386711	15.9423388140542	29.6234098952096	15.6891869949497
6	44.6145794924182	43.8072415932092	43.7544940024828	40.0321124820225	37.7937489133851	35.6110170022214	45.946014872783	56.7882921390809	63.6955757777799	11.6622703699794	26.9459699761226	39.2647865512013	16.3149027665996	30.0334128620591	15.0513989381087
7	44.6041191656107	58.3426758965588	61.9027187586329	40.0494983331677	40.458150853844	34.3753168701163	43.8987610710188	49.5835132575174	58.4321038405464	10.6469775482293	34.8199925286623	46.1762228493637	32.1486673994055	42.0644245694102	16.7480522631738
8	59.7800350514526	52.1421815943388	53.2935983649303	48.6857489177654	42.287373712107	24.5720207201219	34.0561580936194	47.5183244867514	59.3731687908141	10.0768941178768	23.6203350625706	36.97347750347	15.1336599231316	30.6956442191413	16.8316188405542
9	45.9107682664976	62.9401959705659	64.1562964850918	57.6961172608168	51.7780516125399	43.5704873183672	42.9201861881143	39.4740651127497	42.3377293322398	19.7819440431521	33.2831276498709	54.4475395228288	16.0233329768061	39.4908356478867	23.6198389749719
0	56.7827880430056	54.1763508652447	53.2628170478252	51.4718699429125	47.7408462589448	29.2232842575163	39.0441229526237	53.3695527758065	68.0509538989109	13.6051628465079	29.3278242924701	47.2785537738423	16.4764490473524	35.5321804130017	19.9226242942565
1	75.9080248693121	44.58259209243	44.9153092017633	40.9665273223152	38.3944525113981	59.3459045508963	67.6051089938926	79.5797232752923	91.8011823256438	9.40894363092903	22.9273661725459	36.4698857438572	14.5061032837906	29.185186627123	15.4490508413947
2	58.7473349503618	72.613634383975	65.5930268497773	36.531687134459	34.0828586260524	74.620062788419	76.4825537708672	70.5801812720823	78.9236746092975	23.194732857483	69.8926767449895	72.1024545962388	52.429517100824	55.4072192018177	13.7290451391157
3	49.2689728289935	75.0226064545754	81.9259989348809	75.5547799585711	62.157478809412	70.0218860809961	94.5097822722072	91.3754653259287	83.1053586214535	34.0783575895318	35.4875068536802	51.4648729208613	8.07171396235025	36.5991184074207	33.5951521383428
4	50.3378668968253	76.8513909686097	82.9416973264962	77.9011662181645	69.9619440542793	82.6058883638715	98.8400533421973	103.064077358866	104.8662841993	24.5696678622239	44.1571251809943	73.8045663438245	23.0107920900172	57.8043449036489	36.0495423778167
5	61.7932606337884	48.3185890982063	47.8161968217392	44.365300947309	38.7420691695384	51.1524572690306	59.905409182477	70.6081942217049	79.3326612727696	10.4662959188053	23.1746810206743	36.6999153535808	13.8907117661407	28.7532899150689	15.5717799422545
6	63.3023893316706	42.471469596123	41.5852019332166	33.845260231217	33.8096308274491	67.3292429113829	74.9950889045409	80.7903669093315	89.5569064495307	10.0184912926049	24.6193489363224	36.8006390435003	16.1451935832433	28.7880547229228	14.0936302221394
7	43.9845129684392	42.6642043260483	44.4825869206963	79.8041351786535	37.3358614637027	21.4952550275637	29.367317379061	97.6899847495638	48.5422088872148	8.78107183278328	103.633970210014	34.5051714305262	103.472270135203	28.5574635402464	85.8166061097734
8	55.0784458655444	50.0060862389779	49.0415459251133	62.66503883178	53.4448128025031	27.4986563623316	38.1908271008746	82.2578856207622	85.3288710828644	12.6433712868246	57.7155216109012	62.7068557485743	51.6714614904523	55.3117932282077	19.0437597863683
9	78.3924538787376	74.0123070055244	72.999056507122	65.9434411733267	68.3573683055747	64.8678226593894	79.7073806992803	90.5620108842002	119.083803337715	20.878904696607	38.4448520504371	73.7022666381233	19.4347971867473	55.9273723228645	36.7304432009459
Close	62.3101603447985	49.2432240316015	50.75920509969	46.2489780169422	41.20568001497	36.6488434187438	45.952983708483	59.1843870714845	70.7459040876318	9.72948740631797	23.5584223991188	37.2226453494966	15.4190188722889	30.8725912605745	16.4199602780549
Open	55.44863276006	94.4469438889369	96.2159574570144	86.385658717209	67.9238976998523	65.1545608150343	87.0485286435676	91.7503675863705	101.910194822402	35.6812618920632	55.1183527686931	105.227152312224	23.8424670286885	86.3337459076693	68.5473517349876
0	50.1698261035396	67.3735787788722	48.8719545810693	42.9401861930348	39.4681241019889	19.0759591903553	25.2870726754304	38.1704130941086	47.747216461354	35.8788649545244	48.924897298486	57.8951876513489	17.4062614741248	32.5153315703239	16.4129543672826
1	33.818999222032	46.5316871699422	43.7430186679767	40.8144816855973	35.7714134842497	22.6146579860585	18.9394532430163	16.0527318153142	15.562928280706	9.10532019920221	21.2553782205822	32.9771157565364	12.536412708985	25.5601741787884	14.4312086396116
2	50.2905017398952	66.7056960752228	52.2720458620437	47.0774547827301	70.806489530721	48.6352815443521	33.8187012550216	44.558297149761	108.510880855728	59.149598093813	66.763871321097	96.9343455950887	14.8283384111505	93.0167397035227	82.1439133063558
3	36.5914204426393	75.2553280854193	79.5850276539055	74.3600091970684	40.664095252446	75.0825723943586	85.8579180075018	80.7513009039489	25.5306857481345	19.6367309805782	46.0031952469847	86.705727697437	35.0129012342736	93.1283300419314	78.0105017542004
4	42.0139682978533	77.8291105835085	79.9021855243954	74.5313289333418	70.0147183081529	65.4240659957941	79.5710030571874	87.730064351635	96.1159071389176	27.243813366504	57.6705845665709	94.0461569905438	33.6410231257746	75.2260141196574	43.8261883003758
5	38.7822880606599	61.7581319503756	64.9898409188698	52.7526623484205	45.0337536856523	55.5327022355296	59.4466739473286	34.227756045538	38.6090741857403	18.445239790797	40.9888071712274	50.0489123863846	34.4163227841102	41.3988116032332	17.5115769347042
6	52.4178719618088	45.8603037725973	45.6551582089735	46.1062364684269	40.8545258170303	13.4615593173406	22.0850246641334	36.8926258360025	49.9460554542657	9.64506541255685	23.6861294336242	36.7508665028799	18.1285522850806	30.9360049877162	15.9218669075237
7	47.6705592677452	70.0322507063489	74.5238904366841	43.0030270132336	38.215160714367	59.325069849433	76.137416591096	61.6882357322051	67.2103055947829	21.3690338220987	67.3872382956892	67.3147662140336	70.2258572852621	66.3648237744967	15.0638936736157
8	48.8832876463522	46.1602696353693	46.9671539326538	42.2822519289122	36.9364889992485	15.4286735667396	24.2449810580658	36.5136218537714	47.2950187663713	8.91618551644143	21.8929403719555	34.0627679784249	14.2105043179192	27.7923404272582	14.5007634741695
9	46.223580862867	55.1445612970273	57.5123327571018	48.6982883082927	44.4594259146427	14.2601315203051	18.9952287758374	30.4324222840115	43.4000252061955	10.2879894153328	27.4419187321149	43.9303032638064	20.9237032585057	38.0654880906577	17.6489011604122
0	45.6169108749036	52.5657027259876	54.3758020150774	44.0160970161417	40.0933106521687	10.630043014024	8.76081957467451	20.1176261264221	32.9972283484295	8.79938729116974	27.0374060350193	41.8079775268596	24.3502649897799	38.4226268658768	16.1378679619366
1	58.6158058175574	38.4143030669567	38.3454769229697	35.0579913978254	33.4983654278832	35.9964071756279	45.1503881830887	57.1592680270453	68.5917827304525	9.46317523297547	21.7701277600753	33.7929061120822	13.1113286923942	26.1488525639271	13.9617264738284
2	48.0646298220427	52.8000165856982	74.8501804997824	70.0652680867925	39.3454624438448	38.9215814868821	77.9451747631628	83.9491040080721	64.1815328459051	60.5050114742572	63.3617885446907	41.4919162793188	18.5575114373695	72.0711109880374	63.5026579807971
3	35.1463740886596	75.5069195643684	79.4479292598014	72.9280105301797	42.3860316761312	63.740308238351	72.4996278132406	66.7717052444372	24.5551348913012	23.1147094066614	45.7470046801974	78.0705927686603	28.6681574992255	80.656669133311	65.865077073059
4	53.5222317469106	77.2233656690124	79.8731506728012	73.2136626537698	68.1770768338596	73.5900885174084	89.3944508173186	96.1065645450403	106.475856145889	23.8152431112932	47.5275781542675	85.601506245159	26.9826411186896	69.5348802901824	43.6759346099199
5	49.8743180240582	58.8181455587474	58.490131925394	40.6251413272176	39.2599517491757	43.4219521077865	47.9307492005591	30.5709789146717	45.5211300460621	17.6733316949578	44.688877862645	54.5694515607918	37.6821870409667	44.3290909068706	15.6943371687243
6	50.0015031554692	51.2527536384583	48.619239938405	42.4291891459958	39.1638674550267	20.706162723047	23.0700288645897	32.1528419937505	46.0079226410985	14.7272413561706	30.9203350366601	45.9735272307901	17.2320565306881	33.1331432021126	16.3337772943667
7	55.1719059552052	58.9239022625793	59.2957093983199	33.0014049637042	32.4746188625286	78.5569015702631	86.129552734587	77.0946334434272	83.1871515738128	11.2491614487481	44.7143926738629	51.5417165068889	39.9271419229626	45.7269483887401	12.9357182676379
8	47.060714664701	54.5024277442473	44.9844611211205	48.2441415458178	36.6641590817913	27.0917901524152	21.4856123761088	40.8686850588871	47.3914697028621	22.5133869323765	27.1955378876756	45.5009983200457	21.1481690046893	29.7504761080306	23.071829958302
9	55.0421706253568	39.6985553103547	39.3281900002007	42.1112085456151	38.7134808410885	33.646390136982	43.2294392886375	57.2254031746391	68.5009639473059	9.82873377907856	26.9740948179916	38.3446306453472	22.3638779787853	32.2421514842	15.4097127386626
Close	46.673777479437	47.9038208941249	49.1800214463597	44.4134282288589	38.6543736136754	1.47103499360146	8.44250724657077	20.3393805579226	32.8072460135501	8.88447561207749	21.3245161835949	33.9038399085944	13.8561345712432	28.0054891399597	15.1166170874836